Player,Country,Games,Win rate,KDA,Avg kills,Avg deaths,Avg assists,CSM,GPM,KP%,DMG%,DPM,VSPM,Avg WPM,Avg WCPM,Avg VWPM,GD@15,CSD@15,XPD@15,FB %,FB Victim,Penta Kills,Solo Kills
Aiming,,39,61.50%,6,3.6,1.2,3.8,10.2,460,63.90%,28.5,561,1.6,0.36,0.47,0.16,54,-1,175,20.50%,2.60%,0,5
Bdd,,39,61.50%,4.8,3.1,1.5,4.2,8.7,397,66.60%,24.8,477,1.08,0.3,0.2,0.2,103,-2,-89,20.50%,7.70%,0,8
BeryL,,39,28.20%,1.9,0.5,3.1,5.2,1,232,65.70%,11,220,3.02,1.15,0.55,0.51,-163,0,3,10.30%,12.80%,0,1
Bulldog,,40,37.50%,2.3,2.1,2.6,3.7,8.7,387,63.10%,27.9,574,1.11,0.34,0.2,0.24,10,-3,-105,22.50%,10%,0,8
Burdol,,42,50%,2.5,1.8,2,3.3,8.7,382,46.40%,22.4,452,1.07,0.28,0.23,0.2,-332,-6,-226,9.50%,7.10%,0,14
Canna,,36,72.20%,4.4,2.3,1.5,4.3,8.6,396,50.90%,20.5,479,1.12,0.31,0.18,0.23,291,7,199,16.70%,13.90%,0,9
Canyon,,36,72.20%,5.7,2.2,1.5,6.3,5.6,337,68.80%,13.9,319,2,0.4,0.47,0.38,196,-1,125,44.40%,2.80%,0,3
Chovy,,39,66.70%,5.7,3.6,1.6,5.7,9.2,431,64.90%,27.9,659,1.54,0.34,0.35,0.19,235,7,111,17.90%,5.10%,0,10
Clid,,40,55%,2.6,2.1,2.5,4.4,5.2,324,66%,13.9,300,2.11,0.44,0.53,0.36,-14,-4,-57,35%,15%,0,7
Clozer,,42,50%,2.3,2.3,2.5,3.6,9.2,395,59.90%,25.6,511,1.06,0.32,0.22,0.18,60,5,179,16.70%,11.90%,0,12
Croco,,29,20.70%,1.7,1.4,3.1,3.9,4.9,295,67.10%,15.5,325,1.59,0.26,0.41,0.32,-313,-2,-194,17.20%,10.30%,0,1
Cuzz,,39,61.50%,4.4,2,1.7,5.7,5.7,329,71%,14.6,285,2.06,0.3,0.57,0.3,22,1,11,28.20%,5.10%,0,7
Deft,,36,72.20%,7.1,4.4,1.3,4.5,10,466,73.60%,29.4,674,1.47,0.37,0.39,0.16,619,9,343,38.90%,2.80%,0,1
Delight,,39,66.70%,5.7,0.8,1.9,9.8,0.9,257,75.10%,9.4,221,3.37,1.25,0.43,0.4,194,0,110,41%,7.70%,0,-
DnDn,,38,18.40%,1.8,1.6,2.7,3.3,8.2,362,51.80%,22.9,425,1.04,0.34,0.17,0.28,-589,-9,-148,13.20%,18.40%,0,12
Doran,,39,66.70%,3.5,2.5,2.3,5.6,8.4,410,58.50%,21.9,512,1.15,0.3,0.23,0.24,346,5,191,20.50%,15.40%,0,10
DuDu,,40,37.50%,2,2.1,2.4,2.8,8.8,395,55.70%,20.7,431,1,0.22,0.19,0.13,83,5,-27,12.50%,12.50%,0,7
Effort,,40,32.50%,2.4,0.5,2.4,5.3,0.9,227,64.50%,7.8,139,3.28,1.22,0.44,0.53,-15,4,-167,32.50%,10%,0,-
Envyy,,42,50%,3,3,2.2,3.6,9.4,414,66.10%,27,542,1.11,0.36,0.3,0.17,-35,5,164,31%,11.90%,0,2
FATE,,39,28.20%,2.1,2.1,2.3,2.7,8.4,363,56.20%,27.6,557,1.09,0.3,0.2,0.23,-330,-5,-246,7.70%,12.80%,0,7
FIESTA,,38,18.40%,1.8,2.1,3,3.4,8.5,370,58.70%,27.1,511,1.33,0.35,0.26,0.27,-206,-2,-165,18.40%,13.20%,0,9
Faker,,39,79.50%,4.1,2.9,2.1,5.6,8.3,400,59.50%,27,642,1.13,0.31,0.22,0.18,227,1,33,23.10%,5.10%,0,10
Gumayusi,,39,79.50%,5.2,4.3,1.9,5.4,9.8,469,67.10%,26.1,623,1.34,0.33,0.37,0.19,582,12,277,15.40%,12.80%,1,4
Hena,,40,32.50%,2.4,2.2,2,2.8,9.2,396,57.60%,27.1,511,1.31,0.34,0.41,0.16,-351,-5,-43,30%,2.50%,0,2
Juhan,,10,50%,2.1,0.8,3.2,5.8,5.1,307,67.80%,12.4,250,2.11,0.37,0.48,0.44,-130,-2,-30,40%,20%,0,-
Jun,,24,33.30%,2.4,0.4,2.5,5.6,0.9,239,66.10%,12.4,245,3.75,1.06,0.48,0.46,10,-3,305,16.70%,16.70%,0,-
Kael,,42,50%,3.8,1,2,6.9,0.8,241,77.10%,11.2,230,3.45,1.41,0.5,0.55,9,-5,-110,38.10%,7.10%,0,-
Karis,,40,32.50%,2.6,2.5,2.2,3,8.6,376,62.60%,26.9,498,0.98,0.28,0.21,0.21,-296,-7,-81,10%,12.50%,0,11
Kellin,,36,72.20%,7.8,0.7,1.3,9.4,0.6,249,79.90%,9.8,225,3.22,1.44,0.37,0.53,251,-3,28,44.40%,5.60%,0,1
Keria,,39,79.50%,6.8,1.3,1.6,9.4,0.9,279,75.80%,11.3,275,3.21,1.39,0.44,0.5,407,1,117,25.60%,7.70%,0,1
Kiin,,39,61.50%,4,2.1,1.5,3.8,8.8,402,50.80%,23.3,460,1.17,0.33,0.21,0.21,378,8,318,20.50%,10.30%,0,10
Lehends,,39,61.50%,3.8,0.5,2,7.2,0.8,235,69.70%,8.9,171,2.73,1.24,0.35,0.48,-186,3,-132,28.20%,17.90%,0,-
Life,,40,55%,3.4,0.7,2.1,6.5,0.7,240,68.70%,9.6,197,3.02,1.32,0.4,0.42,-42,-2,61,17.50%,7.50%,0,2
Moham,,16,43.80%,3,0.3,2.5,7.1,0.9,224,73.70%,9.1,181,3.03,1.77,0.48,0.52,-422,3,9,12.50%,25%,0,1
Morgan,,40,32.50%,1.8,1.7,2.3,2.5,8.4,372,48.30%,21.2,387,1.19,0.28,0.26,0.24,-331,-7,-235,10%,17.50%,0,6
Oner,,39,79.50%,4.5,2.8,2.2,6.9,5.3,354,70.30%,12.9,314,1.93,0.33,0.43,0.3,161,-1,0,48.70%,5.10%,0,8
Peanut,,39,66.70%,3.8,2.4,2.5,7.1,5.6,343,66.50%,14.1,336,1.77,0.27,0.51,0.28,198,1,132,53.80%,5.10%,0,4
Peter,,38,18.40%,3.2,0.6,2.1,6.3,0.8,219,76.70%,7.3,135,2.61,1.16,0.32,0.47,-276,2,-90,18.40%,7.90%,0,1
Peyz,,39,66.70%,5.9,4.7,1.6,4.6,9.9,460,64.90%,26.7,630,1.33,0.34,0.4,0.16,321,1,23,35.90%,0%,0,6
Pleata,,6,16.70%,2.1,3.2,2.5,2.2,8.4,385,70.20%,23.1,433,1.03,0.25,0.22,0.16,-709,-17,-345,33.30%,0%,0,1
Rascal,,39,28.20%,1.7,1.9,2.9,2.8,8.3,379,62.70%,22.9,463,1.04,0.27,0.23,0.18,-126,-4,-146,20.50%,15.40%,0,15
ShowMaker,,36,72.20%,5.8,3,1.4,5.3,8.8,401,63.80%,26.4,608,1.34,0.37,0.29,0.28,74,2,155,13.90%,11.10%,0,11
Sylvie,,38,18.40%,2,1.7,3,4.3,5,302,69.90%,14.1,265,1.61,0.33,0.44,0.38,-165,-3,-144,21.10%,10.50%,0,2
Taeyoon,,40,37.50%,2.4,2.8,2.6,3.4,9.7,418,64.20%,26.1,541,1.37,0.37,0.43,0.19,-282,-3,-308,12.50%,10%,1,4
UmTi,,40,32.50%,2.3,1.6,2.7,4.8,5.4,314,79.10%,17,322,1.92,0.38,0.5,0.35,-95,2,7,35%,12.50%,0,6
Viper,,40,55%,4.4,2.9,1.5,3.9,9.9,442,67.60%,29.4,636,1.41,0.38,0.41,0.2,225,6,-160,15%,12.50%,0,-
Vital,,38,18.40%,2.6,2.7,2.2,2.9,9.5,406,60.70%,28.6,553,1.15,0.3,0.37,0.14,-491,-13,-302,21.10%,7.90%,0,3
Willer,,42,50%,3.3,2,2.1,4.9,5.7,323,66.30%,13.9,284,1.93,0.4,0.48,0.43,-102,5,-12,35.70%,7.10%,0,4
YoungJae,,40,37.50%,2.7,1.7,2.3,4.6,5.5,319,70.10%,14.2,292,1.84,0.37,0.49,0.42,83,2,95,20%,10%,0,3
Zeka,,40,55%,3.5,3,1.9,3.5,9.5,417,60.90%,28.1,586,1.17,0.28,0.27,0.19,123,5,202,22.50%,5%,0,17
Zeus,,39,79.50%,3.7,3,1.9,4.2,8.9,425,49.50%,22.7,547,1.24,0.33,0.17,0.22,588,12,253,20.50%,10.30%,0,18
deokdam,,33,30.30%,2.3,2.2,2.3,3.1,8.7,392,58.90%,24,499,1.39,0.39,0.37,0.18,-573,-11,-116,6.10%,21.20%,0,-
kingen,,40,55%,2.3,1.4,2.2,3.7,8,378,46.10%,19,402,1.05,0.35,0.17,0.28,-262,-9,-139,17.50%,12.50%,0,5